"testa","testb","testc","testd(p0)","testd(p1)","testd(p2)","teste"
-1,-1,-1,-0.816496580927726,-0.4714045207910318,-0.33333333333333326,-1
-0.33333333333333337,-0.33333333333333337,-0.33333333333333337,0.816496580927726,-0.4714045207910318,-0.33333333333333326,-0.33333333333333337
0.33333333333333326,0.33333333333333326,0.33333333333333326,0,0.9428090415820636,-0.33333333333333326,0.33333333333333326
1,1,1,0,0,1,1
