"test1(p0)","test1(p1)","test2(p0)","test2(p1)"
-1,1,-0.8660254037844386,-0.5
1,-1,0,1
1,-1,0.8660254037844386,-0.5
1,-1,0.8660254037844386,-0.5
